dataset,id,dataset_url,omicsdi_url,omicsdi_api_url,local_path
eva,PRJEB7895,https://www.ebi.ac.uk/eva/?eva-study=PRJEB7895,https://www.omicsdi.org/dataset/eva/PRJEB7895,https://www.omicsdi.org/ws/dataset/eva/PRJEB7895.json,/ebi/ftp/pub/databases/arrayexpress/data/experiment/PRJEB7895
eva,PRJEB25807,https://www.ebi.ac.uk/eva/?eva-study=PRJEB25807,https://www.omicsdi.org/dataset/eva/PRJEB25807,https://www.omicsdi.org/ws/dataset/eva/PRJEB25807.json,/ebi/ftp/pub/databases/arrayexpress/data/experiment/PRJEB25807
eva,PRJEB25656,https://www.ebi.ac.uk/eva/?eva-study=PRJEB25656,https://www.omicsdi.org/dataset/eva/PRJEB25656,https://www.omicsdi.org/ws/dataset/eva/PRJEB25656.json,/ebi/ftp/pub/databases/arrayexpress/data/experiment/PRJEB25656
eva,PRJEB23487,https://www.ebi.ac.uk/eva/?eva-study=PRJEB23487,https://www.omicsdi.org/dataset/eva/PRJEB23487,https://www.omicsdi.org/ws/dataset/eva/PRJEB23487.json,/ebi/ftp/pub/databases/arrayexpress/data/experiment/PRJEB23487
eva,PRJNA273563,https://www.ebi.ac.uk/eva/?eva-study=PRJNA273563,https://www.omicsdi.org/dataset/eva/PRJNA273563,https://www.omicsdi.org/ws/dataset/eva/PRJNA273563.json,/ebi/ftp/pub/databases/arrayexpress/data/experiment/PRJNA273563
eva,PRJEB24306,https://www.ebi.ac.uk/eva/?eva-study=PRJEB24306,https://www.omicsdi.org/dataset/eva/PRJEB24306,https://www.omicsdi.org/ws/dataset/eva/PRJEB24306.json,/ebi/ftp/pub/databases/arrayexpress/data/experiment/PRJEB24306
eva,PRJEB8705,https://www.ebi.ac.uk/eva/?eva-study=PRJEB8705,https://www.omicsdi.org/dataset/eva/PRJEB8705,https://www.omicsdi.org/ws/dataset/eva/PRJEB8705.json,/ebi/ftp/pub/databases/arrayexpress/data/experiment/PRJEB8705
eva,PRJEB28702,https://www.ebi.ac.uk/eva/?eva-study=PRJEB28702,https://www.omicsdi.org/dataset/eva/PRJEB28702,https://www.omicsdi.org/ws/dataset/eva/PRJEB28702.json,/ebi/ftp/pub/databases/arrayexpress/data/experiment/PRJEB28702
eva,PRJEB24763,https://www.ebi.ac.uk/eva/?eva-study=PRJEB24763,https://www.omicsdi.org/dataset/eva/PRJEB24763,https://www.omicsdi.org/ws/dataset/eva/PRJEB24763.json,/ebi/ftp/pub/databases/arrayexpress/data/experiment/PRJEB24763
eva,PRJEB28306,https://www.ebi.ac.uk/eva/?eva-study=PRJEB28306,https://www.omicsdi.org/dataset/eva/PRJEB28306,https://www.omicsdi.org/ws/dataset/eva/PRJEB28306.json,/ebi/ftp/pub/databases/arrayexpress/data/experiment/PRJEB28306
eva,PRJEB30460,https://www.ebi.ac.uk/eva/?eva-study=PRJEB30460,https://www.omicsdi.org/dataset/eva/PRJEB30460,https://www.omicsdi.org/ws/dataset/eva/PRJEB30460.json,/ebi/ftp/pub/databases/arrayexpress/data/experiment/PRJEB30460
eva,PRJEB28797,https://www.ebi.ac.uk/eva/?eva-study=PRJEB28797,https://www.omicsdi.org/dataset/eva/PRJEB28797,https://www.omicsdi.org/ws/dataset/eva/PRJEB28797.json,/ebi/ftp/pub/databases/arrayexpress/data/experiment/PRJEB28797
eva,PRJEB24756,https://www.ebi.ac.uk/eva/?eva-study=PRJEB24756,https://www.omicsdi.org/dataset/eva/PRJEB24756,https://www.omicsdi.org/ws/dataset/eva/PRJEB24756.json,/ebi/ftp/pub/databases/arrayexpress/data/experiment/PRJEB24756
eva,PRJEB26543,https://www.ebi.ac.uk/eva/?eva-study=PRJEB26543,https://www.omicsdi.org/dataset/eva/PRJEB26543,https://www.omicsdi.org/ws/dataset/eva/PRJEB26543.json,/ebi/ftp/pub/databases/arrayexpress/data/experiment/PRJEB26543
eva,PRJEB30318,https://www.ebi.ac.uk/eva/?eva-study=PRJEB30318,https://www.omicsdi.org/dataset/eva/PRJEB30318,https://www.omicsdi.org/ws/dataset/eva/PRJEB30318.json,/ebi/ftp/pub/databases/arrayexpress/data/experiment/PRJEB30318
eva,PRJEB27233,https://www.ebi.ac.uk/eva/?eva-study=PRJEB27233,https://www.omicsdi.org/dataset/eva/PRJEB27233,https://www.omicsdi.org/ws/dataset/eva/PRJEB27233.json,/ebi/ftp/pub/databases/arrayexpress/data/experiment/PRJEB27233
eva,PRJEB26751,https://www.ebi.ac.uk/eva/?eva-study=PRJEB26751,https://www.omicsdi.org/dataset/eva/PRJEB26751,https://www.omicsdi.org/ws/dataset/eva/PRJEB26751.json,/ebi/ftp/pub/databases/arrayexpress/data/experiment/PRJEB26751
eva,PRJEB29734,https://www.ebi.ac.uk/eva/?eva-study=PRJEB29734,https://www.omicsdi.org/dataset/eva/PRJEB29734,https://www.omicsdi.org/ws/dataset/eva/PRJEB29734.json,/ebi/ftp/pub/databases/arrayexpress/data/experiment/PRJEB29734
eva,PRJEB31123,https://www.ebi.ac.uk/eva/?eva-study=PRJEB31123,https://www.omicsdi.org/dataset/eva/PRJEB31123,https://www.omicsdi.org/ws/dataset/eva/PRJEB31123.json,/ebi/ftp/pub/databases/arrayexpress/data/experiment/PRJEB31123
eva,PRJEB27431,https://www.ebi.ac.uk/eva/?eva-study=PRJEB27431,https://www.omicsdi.org/dataset/eva/PRJEB27431,https://www.omicsdi.org/ws/dataset/eva/PRJEB27431.json,/ebi/ftp/pub/databases/arrayexpress/data/experiment/PRJEB27431
eva,PRJEB27278,https://www.ebi.ac.uk/eva/?eva-study=PRJEB27278,https://www.omicsdi.org/dataset/eva/PRJEB27278,https://www.omicsdi.org/ws/dataset/eva/PRJEB27278.json,/ebi/ftp/pub/databases/arrayexpress/data/experiment/PRJEB27278
eva,PRJEB27789,https://www.ebi.ac.uk/eva/?eva-study=PRJEB27789,https://www.omicsdi.org/dataset/eva/PRJEB27789,https://www.omicsdi.org/ws/dataset/eva/PRJEB27789.json,/ebi/ftp/pub/databases/arrayexpress/data/experiment/PRJEB27789
eva,PRJEB24630,https://www.ebi.ac.uk/eva/?eva-study=PRJEB24630,https://www.omicsdi.org/dataset/eva/PRJEB24630,https://www.omicsdi.org/ws/dataset/eva/PRJEB24630.json,/ebi/ftp/pub/databases/arrayexpress/data/experiment/PRJEB24630
eva,PRJEB7217,https://www.ebi.ac.uk/eva/?eva-study=PRJEB7217,https://www.omicsdi.org/dataset/eva/PRJEB7217,https://www.omicsdi.org/ws/dataset/eva/PRJEB7217.json,/ebi/ftp/pub/databases/arrayexpress/data/experiment/PRJEB7217
eva,PRJEB21914,https://www.ebi.ac.uk/eva/?eva-study=PRJEB21914,https://www.omicsdi.org/dataset/eva/PRJEB21914,https://www.omicsdi.org/ws/dataset/eva/PRJEB21914.json,/ebi/ftp/pub/databases/arrayexpress/data/experiment/PRJEB21914
eva,PRJEB23437,https://www.ebi.ac.uk/eva/?eva-study=PRJEB23437,https://www.omicsdi.org/dataset/eva/PRJEB23437,https://www.omicsdi.org/ws/dataset/eva/PRJEB23437.json,/ebi/ftp/pub/databases/arrayexpress/data/experiment/PRJEB23437
eva,PRJEB6057,https://www.ebi.ac.uk/eva/?eva-study=PRJEB6057,https://www.omicsdi.org/dataset/eva/PRJEB6057,https://www.omicsdi.org/ws/dataset/eva/PRJEB6057.json,/ebi/ftp/pub/databases/arrayexpress/data/experiment/PRJEB6057
eva,PRJEB13090,https://www.ebi.ac.uk/eva/?eva-study=PRJEB13090,https://www.omicsdi.org/dataset/eva/PRJEB13090,https://www.omicsdi.org/ws/dataset/eva/PRJEB13090.json,/ebi/ftp/pub/databases/arrayexpress/data/experiment/PRJEB13090
eva,PRJEB19794,https://www.ebi.ac.uk/eva/?eva-study=PRJEB19794,https://www.omicsdi.org/dataset/eva/PRJEB19794,https://www.omicsdi.org/ws/dataset/eva/PRJEB19794.json,/ebi/ftp/pub/databases/arrayexpress/data/experiment/PRJEB19794
eva,PRJEB6930,https://www.ebi.ac.uk/eva/?eva-study=PRJEB6930,https://www.omicsdi.org/dataset/eva/PRJEB6930,https://www.omicsdi.org/ws/dataset/eva/PRJEB6930.json,/ebi/ftp/pub/databases/arrayexpress/data/experiment/PRJEB6930
eva,PRJEB11745,https://www.ebi.ac.uk/eva/?eva-study=PRJEB11745,https://www.omicsdi.org/dataset/eva/PRJEB11745,https://www.omicsdi.org/ws/dataset/eva/PRJEB11745.json,/ebi/ftp/pub/databases/arrayexpress/data/experiment/PRJEB11745
eva,PRJEB27443,https://www.ebi.ac.uk/eva/?eva-study=PRJEB27443,https://www.omicsdi.org/dataset/eva/PRJEB27443,https://www.omicsdi.org/ws/dataset/eva/PRJEB27443.json,/ebi/ftp/pub/databases/arrayexpress/data/experiment/PRJEB27443
eva,PRJEB28604,https://www.ebi.ac.uk/eva/?eva-study=PRJEB28604,https://www.omicsdi.org/dataset/eva/PRJEB28604,https://www.omicsdi.org/ws/dataset/eva/PRJEB28604.json,/ebi/ftp/pub/databases/arrayexpress/data/experiment/PRJEB28604
eva,PRJEB27381,https://www.ebi.ac.uk/eva/?eva-study=PRJEB27381,https://www.omicsdi.org/dataset/eva/PRJEB27381,https://www.omicsdi.org/ws/dataset/eva/PRJEB27381.json,/ebi/ftp/pub/databases/arrayexpress/data/experiment/PRJEB27381
eva,PRJEB25899,https://www.ebi.ac.uk/eva/?eva-study=PRJEB25899,https://www.omicsdi.org/dataset/eva/PRJEB25899,https://www.omicsdi.org/ws/dataset/eva/PRJEB25899.json,/ebi/ftp/pub/databases/arrayexpress/data/experiment/PRJEB25899
eva,PRJEB27093,https://www.ebi.ac.uk/eva/?eva-study=PRJEB27093,https://www.omicsdi.org/dataset/eva/PRJEB27093,https://www.omicsdi.org/ws/dataset/eva/PRJEB27093.json,/ebi/ftp/pub/databases/arrayexpress/data/experiment/PRJEB27093
eva,PRJEB32182,https://www.ebi.ac.uk/eva/?eva-study=PRJEB32182,https://www.omicsdi.org/dataset/eva/PRJEB32182,https://www.omicsdi.org/ws/dataset/eva/PRJEB32182.json,/ebi/ftp/pub/databases/arrayexpress/data/experiment/PRJEB32182
eva,PRJEB13087,https://www.ebi.ac.uk/eva/?eva-study=PRJEB13087,https://www.omicsdi.org/dataset/eva/PRJEB13087,https://www.omicsdi.org/ws/dataset/eva/PRJEB13087.json,/ebi/ftp/pub/databases/arrayexpress/data/experiment/PRJEB13087
eva,PRJEB24328,https://www.ebi.ac.uk/eva/?eva-study=PRJEB24328,https://www.omicsdi.org/dataset/eva/PRJEB24328,https://www.omicsdi.org/ws/dataset/eva/PRJEB24328.json,/ebi/ftp/pub/databases/arrayexpress/data/experiment/PRJEB24328
eva,PRJEB17529,https://www.ebi.ac.uk/eva/?eva-study=PRJEB17529,https://www.omicsdi.org/dataset/eva/PRJEB17529,https://www.omicsdi.org/ws/dataset/eva/PRJEB17529.json,/ebi/ftp/pub/databases/arrayexpress/data/experiment/PRJEB17529
eva,PRJEB23751,https://www.ebi.ac.uk/eva/?eva-study=PRJEB23751,https://www.omicsdi.org/dataset/eva/PRJEB23751,https://www.omicsdi.org/ws/dataset/eva/PRJEB23751.json,/ebi/ftp/pub/databases/arrayexpress/data/experiment/PRJEB23751
eva,PRJEB14378,https://www.ebi.ac.uk/eva/?eva-study=PRJEB14378,https://www.omicsdi.org/dataset/eva/PRJEB14378,https://www.omicsdi.org/ws/dataset/eva/PRJEB14378.json,/ebi/ftp/pub/databases/arrayexpress/data/experiment/PRJEB14378
eva,PRJEB13084,https://www.ebi.ac.uk/eva/?eva-study=PRJEB13084,https://www.omicsdi.org/dataset/eva/PRJEB13084,https://www.omicsdi.org/ws/dataset/eva/PRJEB13084.json,/ebi/ftp/pub/databases/arrayexpress/data/experiment/PRJEB13084
eva,PRJEB15384,https://www.ebi.ac.uk/eva/?eva-study=PRJEB15384,https://www.omicsdi.org/dataset/eva/PRJEB15384,https://www.omicsdi.org/ws/dataset/eva/PRJEB15384.json,/ebi/ftp/pub/databases/arrayexpress/data/experiment/PRJEB15384
eva,PRJEB20009,https://www.ebi.ac.uk/eva/?eva-study=PRJEB20009,https://www.omicsdi.org/dataset/eva/PRJEB20009,https://www.omicsdi.org/ws/dataset/eva/PRJEB20009.json,/ebi/ftp/pub/databases/arrayexpress/data/experiment/PRJEB20009
eva,PRJEB28236,https://www.ebi.ac.uk/eva/?eva-study=PRJEB28236,https://www.omicsdi.org/dataset/eva/PRJEB28236,https://www.omicsdi.org/ws/dataset/eva/PRJEB28236.json,/ebi/ftp/pub/databases/arrayexpress/data/experiment/PRJEB28236
eva,PRJEB27676,https://www.ebi.ac.uk/eva/?eva-study=PRJEB27676,https://www.omicsdi.org/dataset/eva/PRJEB27676,https://www.omicsdi.org/ws/dataset/eva/PRJEB27676.json,/ebi/ftp/pub/databases/arrayexpress/data/experiment/PRJEB27676
eva,PRJEB29974,https://www.ebi.ac.uk/eva/?eva-study=PRJEB29974,https://www.omicsdi.org/dataset/eva/PRJEB29974,https://www.omicsdi.org/ws/dataset/eva/PRJEB29974.json,/ebi/ftp/pub/databases/arrayexpress/data/experiment/PRJEB29974
eva,PRJEB29344,https://www.ebi.ac.uk/eva/?eva-study=PRJEB29344,https://www.omicsdi.org/dataset/eva/PRJEB29344,https://www.omicsdi.org/ws/dataset/eva/PRJEB29344.json,/ebi/ftp/pub/databases/arrayexpress/data/experiment/PRJEB29344
eva,PRJEB25808,https://www.ebi.ac.uk/eva/?eva-study=PRJEB25808,https://www.omicsdi.org/dataset/eva/PRJEB25808,https://www.omicsdi.org/ws/dataset/eva/PRJEB25808.json,/ebi/ftp/pub/databases/arrayexpress/data/experiment/PRJEB25808
eva,PRJEB29523,https://www.ebi.ac.uk/eva/?eva-study=PRJEB29523,https://www.omicsdi.org/dataset/eva/PRJEB29523,https://www.omicsdi.org/ws/dataset/eva/PRJEB29523.json,/ebi/ftp/pub/databases/arrayexpress/data/experiment/PRJEB29523
eva,PRJEB27177,https://www.ebi.ac.uk/eva/?eva-study=PRJEB27177,https://www.omicsdi.org/dataset/eva/PRJEB27177,https://www.omicsdi.org/ws/dataset/eva/PRJEB27177.json,/ebi/ftp/pub/databases/arrayexpress/data/experiment/PRJEB27177
eva,PRJEB9858,https://www.ebi.ac.uk/eva/?eva-study=PRJEB9858,https://www.omicsdi.org/dataset/eva/PRJEB9858,https://www.omicsdi.org/ws/dataset/eva/PRJEB9858.json,/ebi/ftp/pub/databases/arrayexpress/data/experiment/PRJEB9858
eva,PRJEB14878,https://www.ebi.ac.uk/eva/?eva-study=PRJEB14878,https://www.omicsdi.org/dataset/eva/PRJEB14878,https://www.omicsdi.org/ws/dataset/eva/PRJEB14878.json,/ebi/ftp/pub/databases/arrayexpress/data/experiment/PRJEB14878
eva,PRJEB31423,https://www.ebi.ac.uk/eva/?eva-study=PRJEB31423,https://www.omicsdi.org/dataset/eva/PRJEB31423,https://www.omicsdi.org/ws/dataset/eva/PRJEB31423.json,/ebi/ftp/pub/databases/arrayexpress/data/experiment/PRJEB31423
eva,PRJEB30506,https://www.ebi.ac.uk/eva/?eva-study=PRJEB30506,https://www.omicsdi.org/dataset/eva/PRJEB30506,https://www.omicsdi.org/ws/dataset/eva/PRJEB30506.json,/ebi/ftp/pub/databases/arrayexpress/data/experiment/PRJEB30506
eva,PRJEB22866,https://www.ebi.ac.uk/eva/?eva-study=PRJEB22866,https://www.omicsdi.org/dataset/eva/PRJEB22866,https://www.omicsdi.org/ws/dataset/eva/PRJEB22866.json,/ebi/ftp/pub/databases/arrayexpress/data/experiment/PRJEB22866
eva,PRJEB12771,https://www.ebi.ac.uk/eva/?eva-study=PRJEB12771,https://www.omicsdi.org/dataset/eva/PRJEB12771,https://www.omicsdi.org/ws/dataset/eva/PRJEB12771.json,/ebi/ftp/pub/databases/arrayexpress/data/experiment/PRJEB12771
eva,PRJEB5978,https://www.ebi.ac.uk/eva/?eva-study=PRJEB5978,https://www.omicsdi.org/dataset/eva/PRJEB5978,https://www.omicsdi.org/ws/dataset/eva/PRJEB5978.json,/ebi/ftp/pub/databases/arrayexpress/data/experiment/PRJEB5978
eva,PRJEB23749,https://www.ebi.ac.uk/eva/?eva-study=PRJEB23749,https://www.omicsdi.org/dataset/eva/PRJEB23749,https://www.omicsdi.org/ws/dataset/eva/PRJEB23749.json,/ebi/ftp/pub/databases/arrayexpress/data/experiment/PRJEB23749
eva,PRJEB21300,https://www.ebi.ac.uk/eva/?eva-study=PRJEB21300,https://www.omicsdi.org/dataset/eva/PRJEB21300,https://www.omicsdi.org/ws/dataset/eva/PRJEB21300.json,/ebi/ftp/pub/databases/arrayexpress/data/experiment/PRJEB21300
eva,PRJEB10964,https://www.ebi.ac.uk/eva/?eva-study=PRJEB10964,https://www.omicsdi.org/dataset/eva/PRJEB10964,https://www.omicsdi.org/ws/dataset/eva/PRJEB10964.json,/ebi/ftp/pub/databases/arrayexpress/data/experiment/PRJEB10964
eva,PRJEB13516,https://www.ebi.ac.uk/eva/?eva-study=PRJEB13516,https://www.omicsdi.org/dataset/eva/PRJEB13516,https://www.omicsdi.org/ws/dataset/eva/PRJEB13516.json,/ebi/ftp/pub/databases/arrayexpress/data/experiment/PRJEB13516
eva,PRJEB14385,https://www.ebi.ac.uk/eva/?eva-study=PRJEB14385,https://www.omicsdi.org/dataset/eva/PRJEB14385,https://www.omicsdi.org/ws/dataset/eva/PRJEB14385.json,/ebi/ftp/pub/databases/arrayexpress/data/experiment/PRJEB14385
eva,PRJEB26368,https://www.ebi.ac.uk/eva/?eva-study=PRJEB26368,https://www.omicsdi.org/dataset/eva/PRJEB26368,https://www.omicsdi.org/ws/dataset/eva/PRJEB26368.json,/ebi/ftp/pub/databases/arrayexpress/data/experiment/PRJEB26368
eva,PRJEB27824,https://www.ebi.ac.uk/eva/?eva-study=PRJEB27824,https://www.omicsdi.org/dataset/eva/PRJEB27824,https://www.omicsdi.org/ws/dataset/eva/PRJEB27824.json,/ebi/ftp/pub/databases/arrayexpress/data/experiment/PRJEB27824
eva,PRJEB8636,https://www.ebi.ac.uk/eva/?eva-study=PRJEB8636,https://www.omicsdi.org/dataset/eva/PRJEB8636,https://www.omicsdi.org/ws/dataset/eva/PRJEB8636.json,/ebi/ftp/pub/databases/arrayexpress/data/experiment/PRJEB8636
eva,PRJEB9507,https://www.ebi.ac.uk/eva/?eva-study=PRJEB9507,https://www.omicsdi.org/dataset/eva/PRJEB9507,https://www.omicsdi.org/ws/dataset/eva/PRJEB9507.json,/ebi/ftp/pub/databases/arrayexpress/data/experiment/PRJEB9507
eva,PRJEB5829,https://www.ebi.ac.uk/eva/?eva-study=PRJEB5829,https://www.omicsdi.org/dataset/eva/PRJEB5829,https://www.omicsdi.org/ws/dataset/eva/PRJEB5829.json,/ebi/ftp/pub/databases/arrayexpress/data/experiment/PRJEB5829
eva,PRJEB8639,https://www.ebi.ac.uk/eva/?eva-study=PRJEB8639,https://www.omicsdi.org/dataset/eva/PRJEB8639,https://www.omicsdi.org/ws/dataset/eva/PRJEB8639.json,/ebi/ftp/pub/databases/arrayexpress/data/experiment/PRJEB8639
eva,PRJEB22833,https://www.ebi.ac.uk/eva/?eva-study=PRJEB22833,https://www.omicsdi.org/dataset/eva/PRJEB22833,https://www.omicsdi.org/ws/dataset/eva/PRJEB22833.json,/ebi/ftp/pub/databases/arrayexpress/data/experiment/PRJEB22833
eva,PRJEB19523,https://www.ebi.ac.uk/eva/?eva-study=PRJEB19523,https://www.omicsdi.org/dataset/eva/PRJEB19523,https://www.omicsdi.org/ws/dataset/eva/PRJEB19523.json,/ebi/ftp/pub/databases/arrayexpress/data/experiment/PRJEB19523
eva,PRJEB13089,https://www.ebi.ac.uk/eva/?eva-study=PRJEB13089,https://www.omicsdi.org/dataset/eva/PRJEB13089,https://www.omicsdi.org/ws/dataset/eva/PRJEB13089.json,/ebi/ftp/pub/databases/arrayexpress/data/experiment/PRJEB13089
eva,PRJEB25731,https://www.ebi.ac.uk/eva/?eva-study=PRJEB25731,https://www.omicsdi.org/dataset/eva/PRJEB25731,https://www.omicsdi.org/ws/dataset/eva/PRJEB25731.json,/ebi/ftp/pub/databases/arrayexpress/data/experiment/PRJEB25731
eva,PRJEB21794,https://www.ebi.ac.uk/eva/?eva-study=PRJEB21794,https://www.omicsdi.org/dataset/eva/PRJEB21794,https://www.omicsdi.org/ws/dataset/eva/PRJEB21794.json,/ebi/ftp/pub/databases/arrayexpress/data/experiment/PRJEB21794
eva,PRJEB23188,https://www.ebi.ac.uk/eva/?eva-study=PRJEB23188,https://www.omicsdi.org/dataset/eva/PRJEB23188,https://www.omicsdi.org/ws/dataset/eva/PRJEB23188.json,/ebi/ftp/pub/databases/arrayexpress/data/experiment/PRJEB23188
eva,PRJNA289433,https://www.ebi.ac.uk/eva/?eva-study=PRJNA289433,https://www.omicsdi.org/dataset/eva/PRJNA289433,https://www.omicsdi.org/ws/dataset/eva/PRJNA289433.json,/ebi/ftp/pub/databases/arrayexpress/data/experiment/PRJNA289433
eva,PRJEB24746,https://www.ebi.ac.uk/eva/?eva-study=PRJEB24746,https://www.omicsdi.org/dataset/eva/PRJEB24746,https://www.omicsdi.org/ws/dataset/eva/PRJEB24746.json,/ebi/ftp/pub/databases/arrayexpress/data/experiment/PRJEB24746
eva,PRJEB24044,https://www.ebi.ac.uk/eva/?eva-study=PRJEB24044,https://www.omicsdi.org/dataset/eva/PRJEB24044,https://www.omicsdi.org/ws/dataset/eva/PRJEB24044.json,/ebi/ftp/pub/databases/arrayexpress/data/experiment/PRJEB24044
eva,PRJEB629,https://www.ebi.ac.uk/eva/?eva-study=PRJEB629,https://www.omicsdi.org/dataset/eva/PRJEB629,https://www.omicsdi.org/ws/dataset/eva/PRJEB629.json,/ebi/ftp/pub/databases/arrayexpress/data/experiment/PRJEB629
eva,PRJEB13625,https://www.ebi.ac.uk/eva/?eva-study=PRJEB13625,https://www.omicsdi.org/dataset/eva/PRJEB13625,https://www.omicsdi.org/ws/dataset/eva/PRJEB13625.json,/ebi/ftp/pub/databases/arrayexpress/data/experiment/PRJEB13625
eva,PRJEB24835,https://www.ebi.ac.uk/eva/?eva-study=PRJEB24835,https://www.omicsdi.org/dataset/eva/PRJEB24835,https://www.omicsdi.org/ws/dataset/eva/PRJEB24835.json,/ebi/ftp/pub/databases/arrayexpress/data/experiment/PRJEB24835
eva,PRJEB12770,https://www.ebi.ac.uk/eva/?eva-study=PRJEB12770,https://www.omicsdi.org/dataset/eva/PRJEB12770,https://www.omicsdi.org/ws/dataset/eva/PRJEB12770.json,/ebi/ftp/pub/databases/arrayexpress/data/experiment/PRJEB12770
eva,PRJEB24783,https://www.ebi.ac.uk/eva/?eva-study=PRJEB24783,https://www.omicsdi.org/dataset/eva/PRJEB24783,https://www.omicsdi.org/ws/dataset/eva/PRJEB24783.json,/ebi/ftp/pub/databases/arrayexpress/data/experiment/PRJEB24783
eva,PRJEB24944,https://www.ebi.ac.uk/eva/?eva-study=PRJEB24944,https://www.omicsdi.org/dataset/eva/PRJEB24944,https://www.omicsdi.org/ws/dataset/eva/PRJEB24944.json,/ebi/ftp/pub/databases/arrayexpress/data/experiment/PRJEB24944
eva,PRJEB11749,https://www.ebi.ac.uk/eva/?eva-study=PRJEB11749,https://www.omicsdi.org/dataset/eva/PRJEB11749,https://www.omicsdi.org/ws/dataset/eva/PRJEB11749.json,/ebi/ftp/pub/databases/arrayexpress/data/experiment/PRJEB11749
eva,PRJEB4395,https://www.ebi.ac.uk/eva/?eva-study=PRJEB4395,https://www.omicsdi.org/dataset/eva/PRJEB4395,https://www.omicsdi.org/ws/dataset/eva/PRJEB4395.json,/ebi/ftp/pub/databases/arrayexpress/data/experiment/PRJEB4395
eva,PRJEB6495,https://www.ebi.ac.uk/eva/?eva-study=PRJEB6495,https://www.omicsdi.org/dataset/eva/PRJEB6495,https://www.omicsdi.org/ws/dataset/eva/PRJEB6495.json,/ebi/ftp/pub/databases/arrayexpress/data/experiment/PRJEB6495
eva,PRJEB15198,https://www.ebi.ac.uk/eva/?eva-study=PRJEB15198,https://www.omicsdi.org/dataset/eva/PRJEB15198,https://www.omicsdi.org/ws/dataset/eva/PRJEB15198.json,/ebi/ftp/pub/databases/arrayexpress/data/experiment/PRJEB15198
eva,PRJEB7061,https://www.ebi.ac.uk/eva/?eva-study=PRJEB7061,https://www.omicsdi.org/dataset/eva/PRJEB7061,https://www.omicsdi.org/ws/dataset/eva/PRJEB7061.json,/ebi/ftp/pub/databases/arrayexpress/data/experiment/PRJEB7061
eva,PRJEB6025,https://www.ebi.ac.uk/eva/?eva-study=PRJEB6025,https://www.omicsdi.org/dataset/eva/PRJEB6025,https://www.omicsdi.org/ws/dataset/eva/PRJEB6025.json,/ebi/ftp/pub/databases/arrayexpress/data/experiment/PRJEB6025
eva,PRJEB5439,https://www.ebi.ac.uk/eva/?eva-study=PRJEB5439,https://www.omicsdi.org/dataset/eva/PRJEB5439,https://www.omicsdi.org/ws/dataset/eva/PRJEB5439.json,/ebi/ftp/pub/databases/arrayexpress/data/experiment/PRJEB5439
eva,PRJEB30825,https://www.ebi.ac.uk/eva/?eva-study=PRJEB30825,https://www.omicsdi.org/dataset/eva/PRJEB30825,https://www.omicsdi.org/ws/dataset/eva/PRJEB30825.json,/ebi/ftp/pub/databases/arrayexpress/data/experiment/PRJEB30825
eva,PRJEB22988,https://www.ebi.ac.uk/eva/?eva-study=PRJEB22988,https://www.omicsdi.org/dataset/eva/PRJEB22988,https://www.omicsdi.org/ws/dataset/eva/PRJEB22988.json,/ebi/ftp/pub/databases/arrayexpress/data/experiment/PRJEB22988
eva,PRJEB26741,https://www.ebi.ac.uk/eva/?eva-study=PRJEB26741,https://www.omicsdi.org/dataset/eva/PRJEB26741,https://www.omicsdi.org/ws/dataset/eva/PRJEB26741.json,/ebi/ftp/pub/databases/arrayexpress/data/experiment/PRJEB26741
eva,PRJEB31218,https://www.ebi.ac.uk/eva/?eva-study=PRJEB31218,https://www.omicsdi.org/dataset/eva/PRJEB31218,https://www.omicsdi.org/ws/dataset/eva/PRJEB31218.json,/ebi/ftp/pub/databases/arrayexpress/data/experiment/PRJEB31218
eva,PRJEB11984,https://www.ebi.ac.uk/eva/?eva-study=PRJEB11984,https://www.omicsdi.org/dataset/eva/PRJEB11984,https://www.omicsdi.org/ws/dataset/eva/PRJEB11984.json,/ebi/ftp/pub/databases/arrayexpress/data/experiment/PRJEB11984
eva,PRJEB4019,https://www.ebi.ac.uk/eva/?eva-study=PRJEB4019,https://www.omicsdi.org/dataset/eva/PRJEB4019,https://www.omicsdi.org/ws/dataset/eva/PRJEB4019.json,/ebi/ftp/pub/databases/arrayexpress/data/experiment/PRJEB4019
eva,PRJEB8652,https://www.ebi.ac.uk/eva/?eva-study=PRJEB8652,https://www.omicsdi.org/dataset/eva/PRJEB8652,https://www.omicsdi.org/ws/dataset/eva/PRJEB8652.json,/ebi/ftp/pub/databases/arrayexpress/data/experiment/PRJEB8652
eva,PRJEB23201,https://www.ebi.ac.uk/eva/?eva-study=PRJEB23201,https://www.omicsdi.org/dataset/eva/PRJEB23201,https://www.omicsdi.org/ws/dataset/eva/PRJEB23201.json,/ebi/ftp/pub/databases/arrayexpress/data/experiment/PRJEB23201
eva,PRJEB13517,https://www.ebi.ac.uk/eva/?eva-study=PRJEB13517,https://www.omicsdi.org/dataset/eva/PRJEB13517,https://www.omicsdi.org/ws/dataset/eva/PRJEB13517.json,/ebi/ftp/pub/databases/arrayexpress/data/experiment/PRJEB13517
eva,PRJEB2733,https://www.ebi.ac.uk/eva/?eva-study=PRJEB2733,https://www.omicsdi.org/dataset/eva/PRJEB2733,https://www.omicsdi.org/ws/dataset/eva/PRJEB2733.json,/ebi/ftp/pub/databases/arrayexpress/data/experiment/PRJEB2733
eva,PRJEB14684,https://www.ebi.ac.uk/eva/?eva-study=PRJEB14684,https://www.omicsdi.org/dataset/eva/PRJEB14684,https://www.omicsdi.org/ws/dataset/eva/PRJEB14684.json,/ebi/ftp/pub/databases/arrayexpress/data/experiment/PRJEB14684
eva,PRJEB19524,https://www.ebi.ac.uk/eva/?eva-study=PRJEB19524,https://www.omicsdi.org/dataset/eva/PRJEB19524,https://www.omicsdi.org/ws/dataset/eva/PRJEB19524.json,/ebi/ftp/pub/databases/arrayexpress/data/experiment/PRJEB19524
eva,PRJEB31241,https://www.ebi.ac.uk/eva/?eva-study=PRJEB31241,https://www.omicsdi.org/dataset/eva/PRJEB31241,https://www.omicsdi.org/ws/dataset/eva/PRJEB31241.json,/ebi/ftp/pub/databases/arrayexpress/data/experiment/PRJEB31241
eva,PRJEB31315,https://www.ebi.ac.uk/eva/?eva-study=PRJEB31315,https://www.omicsdi.org/dataset/eva/PRJEB31315,https://www.omicsdi.org/ws/dataset/eva/PRJEB31315.json,/ebi/ftp/pub/databases/arrayexpress/data/experiment/PRJEB31315
eva,PRJEB6119,https://www.ebi.ac.uk/eva/?eva-study=PRJEB6119,https://www.omicsdi.org/dataset/eva/PRJEB6119,https://www.omicsdi.org/ws/dataset/eva/PRJEB6119.json,/ebi/ftp/pub/databases/arrayexpress/data/experiment/PRJEB6119
eva,PRJEB20726,https://www.ebi.ac.uk/eva/?eva-study=PRJEB20726,https://www.omicsdi.org/dataset/eva/PRJEB20726,https://www.omicsdi.org/ws/dataset/eva/PRJEB20726.json,/ebi/ftp/pub/databases/arrayexpress/data/experiment/PRJEB20726
eva,PRJEB27956,https://www.ebi.ac.uk/eva/?eva-study=PRJEB27956,https://www.omicsdi.org/dataset/eva/PRJEB27956,https://www.omicsdi.org/ws/dataset/eva/PRJEB27956.json,/ebi/ftp/pub/databases/arrayexpress/data/experiment/PRJEB27956
eva,PRJEB25965,https://www.ebi.ac.uk/eva/?eva-study=PRJEB25965,https://www.omicsdi.org/dataset/eva/PRJEB25965,https://www.omicsdi.org/ws/dataset/eva/PRJEB25965.json,/ebi/ftp/pub/databases/arrayexpress/data/experiment/PRJEB25965
eva,PRJEB13083,https://www.ebi.ac.uk/eva/?eva-study=PRJEB13083,https://www.omicsdi.org/dataset/eva/PRJEB13083,https://www.omicsdi.org/ws/dataset/eva/PRJEB13083.json,/ebi/ftp/pub/databases/arrayexpress/data/experiment/PRJEB13083
eva,PRJEB24974,https://www.ebi.ac.uk/eva/?eva-study=PRJEB24974,https://www.omicsdi.org/dataset/eva/PRJEB24974,https://www.omicsdi.org/ws/dataset/eva/PRJEB24974.json,/ebi/ftp/pub/databases/arrayexpress/data/experiment/PRJEB24974
eva,PRJEB24997,https://www.ebi.ac.uk/eva/?eva-study=PRJEB24997,https://www.omicsdi.org/dataset/eva/PRJEB24997,https://www.omicsdi.org/ws/dataset/eva/PRJEB24997.json,/ebi/ftp/pub/databases/arrayexpress/data/experiment/PRJEB24997
eva,PRJEB31735,https://www.ebi.ac.uk/eva/?eva-study=PRJEB31735,https://www.omicsdi.org/dataset/eva/PRJEB31735,https://www.omicsdi.org/ws/dataset/eva/PRJEB31735.json,/ebi/ftp/pub/databases/arrayexpress/data/experiment/PRJEB31735
eva,PRJEB13618,https://www.ebi.ac.uk/eva/?eva-study=PRJEB13618,https://www.omicsdi.org/dataset/eva/PRJEB13618,https://www.omicsdi.org/ws/dataset/eva/PRJEB13618.json,/ebi/ftp/pub/databases/arrayexpress/data/experiment/PRJEB13618
eva,PRJEB28064,https://www.ebi.ac.uk/eva/?eva-study=PRJEB28064,https://www.omicsdi.org/dataset/eva/PRJEB28064,https://www.omicsdi.org/ws/dataset/eva/PRJEB28064.json,/ebi/ftp/pub/databases/arrayexpress/data/experiment/PRJEB28064
eva,PRJEB26962,https://www.ebi.ac.uk/eva/?eva-study=PRJEB26962,https://www.omicsdi.org/dataset/eva/PRJEB26962,https://www.omicsdi.org/ws/dataset/eva/PRJEB26962.json,/ebi/ftp/pub/databases/arrayexpress/data/experiment/PRJEB26962
eva,PRJEB29561,https://www.ebi.ac.uk/eva/?eva-study=PRJEB29561,https://www.omicsdi.org/dataset/eva/PRJEB29561,https://www.omicsdi.org/ws/dataset/eva/PRJEB29561.json,/ebi/ftp/pub/databases/arrayexpress/data/experiment/PRJEB29561
eva,PRJEB26970,https://www.ebi.ac.uk/eva/?eva-study=PRJEB26970,https://www.omicsdi.org/dataset/eva/PRJEB26970,https://www.omicsdi.org/ws/dataset/eva/PRJEB26970.json,/ebi/ftp/pub/databases/arrayexpress/data/experiment/PRJEB26970
eva,PRJEB28297,https://www.ebi.ac.uk/eva/?eva-study=PRJEB28297,https://www.omicsdi.org/dataset/eva/PRJEB28297,https://www.omicsdi.org/ws/dataset/eva/PRJEB28297.json,/ebi/ftp/pub/databases/arrayexpress/data/experiment/PRJEB28297
eva,PRJEB7218,https://www.ebi.ac.uk/eva/?eva-study=PRJEB7218,https://www.omicsdi.org/dataset/eva/PRJEB7218,https://www.omicsdi.org/ws/dataset/eva/PRJEB7218.json,/ebi/ftp/pub/databases/arrayexpress/data/experiment/PRJEB7218
eva,PRJEB14713,https://www.ebi.ac.uk/eva/?eva-study=PRJEB14713,https://www.omicsdi.org/dataset/eva/PRJEB14713,https://www.omicsdi.org/ws/dataset/eva/PRJEB14713.json,/ebi/ftp/pub/databases/arrayexpress/data/experiment/PRJEB14713
eva,PRJEB9374,https://www.ebi.ac.uk/eva/?eva-study=PRJEB9374,https://www.omicsdi.org/dataset/eva/PRJEB9374,https://www.omicsdi.org/ws/dataset/eva/PRJEB9374.json,/ebi/ftp/pub/databases/arrayexpress/data/experiment/PRJEB9374
eva,PRJEB31129,https://www.ebi.ac.uk/eva/?eva-study=PRJEB31129,https://www.omicsdi.org/dataset/eva/PRJEB31129,https://www.omicsdi.org/ws/dataset/eva/PRJEB31129.json,/ebi/ftp/pub/databases/arrayexpress/data/experiment/PRJEB31129
eva,PRJEB28526,https://www.ebi.ac.uk/eva/?eva-study=PRJEB28526,https://www.omicsdi.org/dataset/eva/PRJEB28526,https://www.omicsdi.org/ws/dataset/eva/PRJEB28526.json,/ebi/ftp/pub/databases/arrayexpress/data/experiment/PRJEB28526
eva,PRJEB28258,https://www.ebi.ac.uk/eva/?eva-study=PRJEB28258,https://www.omicsdi.org/dataset/eva/PRJEB28258,https://www.omicsdi.org/ws/dataset/eva/PRJEB28258.json,/ebi/ftp/pub/databases/arrayexpress/data/experiment/PRJEB28258
eva,PRJEB27452,https://www.ebi.ac.uk/eva/?eva-study=PRJEB27452,https://www.omicsdi.org/dataset/eva/PRJEB27452,https://www.omicsdi.org/ws/dataset/eva/PRJEB27452.json,/ebi/ftp/pub/databases/arrayexpress/data/experiment/PRJEB27452
eva,PRJEB31370,https://www.ebi.ac.uk/eva/?eva-study=PRJEB31370,https://www.omicsdi.org/dataset/eva/PRJEB31370,https://www.omicsdi.org/ws/dataset/eva/PRJEB31370.json,/ebi/ftp/pub/databases/arrayexpress/data/experiment/PRJEB31370
eva,PRJEB28530,https://www.ebi.ac.uk/eva/?eva-study=PRJEB28530,https://www.omicsdi.org/dataset/eva/PRJEB28530,https://www.omicsdi.org/ws/dataset/eva/PRJEB28530.json,/ebi/ftp/pub/databases/arrayexpress/data/experiment/PRJEB28530
eva,PRJEB28557,https://www.ebi.ac.uk/eva/?eva-study=PRJEB28557,https://www.omicsdi.org/dataset/eva/PRJEB28557,https://www.omicsdi.org/ws/dataset/eva/PRJEB28557.json,/ebi/ftp/pub/databases/arrayexpress/data/experiment/PRJEB28557
eva,PRJEB29975,https://www.ebi.ac.uk/eva/?eva-study=PRJEB29975,https://www.omicsdi.org/dataset/eva/PRJEB29975,https://www.omicsdi.org/ws/dataset/eva/PRJEB29975.json,/ebi/ftp/pub/databases/arrayexpress/data/experiment/PRJEB29975
eva,PRJEB26328,https://www.ebi.ac.uk/eva/?eva-study=PRJEB26328,https://www.omicsdi.org/dataset/eva/PRJEB26328,https://www.omicsdi.org/ws/dataset/eva/PRJEB26328.json,/ebi/ftp/pub/databases/arrayexpress/data/experiment/PRJEB26328
eva,PRJEB9586,https://www.ebi.ac.uk/eva/?eva-study=PRJEB9586,https://www.omicsdi.org/dataset/eva/PRJEB9586,https://www.omicsdi.org/ws/dataset/eva/PRJEB9586.json,/ebi/ftp/pub/databases/arrayexpress/data/experiment/PRJEB9586
eva,PRJEB7723,https://www.ebi.ac.uk/eva/?eva-study=PRJEB7723,https://www.omicsdi.org/dataset/eva/PRJEB7723,https://www.omicsdi.org/ws/dataset/eva/PRJEB7723.json,/ebi/ftp/pub/databases/arrayexpress/data/experiment/PRJEB7723
eva,PRJEB15385,https://www.ebi.ac.uk/eva/?eva-study=PRJEB15385,https://www.omicsdi.org/dataset/eva/PRJEB15385,https://www.omicsdi.org/ws/dataset/eva/PRJEB15385.json,/ebi/ftp/pub/databases/arrayexpress/data/experiment/PRJEB15385
eva,PRJEB20820,https://www.ebi.ac.uk/eva/?eva-study=PRJEB20820,https://www.omicsdi.org/dataset/eva/PRJEB20820,https://www.omicsdi.org/ws/dataset/eva/PRJEB20820.json,/ebi/ftp/pub/databases/arrayexpress/data/experiment/PRJEB20820
eva,PRJEB28302,https://www.ebi.ac.uk/eva/?eva-study=PRJEB28302,https://www.omicsdi.org/dataset/eva/PRJEB28302,https://www.omicsdi.org/ws/dataset/eva/PRJEB28302.json,/ebi/ftp/pub/databases/arrayexpress/data/experiment/PRJEB28302
eva,PRJEB24747,https://www.ebi.ac.uk/eva/?eva-study=PRJEB24747,https://www.omicsdi.org/dataset/eva/PRJEB24747,https://www.omicsdi.org/ws/dataset/eva/PRJEB24747.json,/ebi/ftp/pub/databases/arrayexpress/data/experiment/PRJEB24747
eva,PRJEB13085,https://www.ebi.ac.uk/eva/?eva-study=PRJEB13085,https://www.omicsdi.org/dataset/eva/PRJEB13085,https://www.omicsdi.org/ws/dataset/eva/PRJEB13085.json,/ebi/ftp/pub/databases/arrayexpress/data/experiment/PRJEB13085
eva,PRJEB10956,https://www.ebi.ac.uk/eva/?eva-study=PRJEB10956,https://www.omicsdi.org/dataset/eva/PRJEB10956,https://www.omicsdi.org/ws/dataset/eva/PRJEB10956.json,/ebi/ftp/pub/databases/arrayexpress/data/experiment/PRJEB10956
eva,PRJEB9373,https://www.ebi.ac.uk/eva/?eva-study=PRJEB9373,https://www.omicsdi.org/dataset/eva/PRJEB9373,https://www.omicsdi.org/ws/dataset/eva/PRJEB9373.json,/ebi/ftp/pub/databases/arrayexpress/data/experiment/PRJEB9373
eva,PRJEB11471,https://www.ebi.ac.uk/eva/?eva-study=PRJEB11471,https://www.omicsdi.org/dataset/eva/PRJEB11471,https://www.omicsdi.org/ws/dataset/eva/PRJEB11471.json,/ebi/ftp/pub/databases/arrayexpress/data/experiment/PRJEB11471
eva,PRJEB19387,https://www.ebi.ac.uk/eva/?eva-study=PRJEB19387,https://www.omicsdi.org/dataset/eva/PRJEB19387,https://www.omicsdi.org/ws/dataset/eva/PRJEB19387.json,/ebi/ftp/pub/databases/arrayexpress/data/experiment/PRJEB19387
eva,PRJEB9857,https://www.ebi.ac.uk/eva/?eva-study=PRJEB9857,https://www.omicsdi.org/dataset/eva/PRJEB9857,https://www.omicsdi.org/ws/dataset/eva/PRJEB9857.json,/ebi/ftp/pub/databases/arrayexpress/data/experiment/PRJEB9857
eva,PRJEB28835,https://www.ebi.ac.uk/eva/?eva-study=PRJEB28835,https://www.omicsdi.org/dataset/eva/PRJEB28835,https://www.omicsdi.org/ws/dataset/eva/PRJEB28835.json,/ebi/ftp/pub/databases/arrayexpress/data/experiment/PRJEB28835
eva,PRJEB24930,https://www.ebi.ac.uk/eva/?eva-study=PRJEB24930,https://www.omicsdi.org/dataset/eva/PRJEB24930,https://www.omicsdi.org/ws/dataset/eva/PRJEB24930.json,/ebi/ftp/pub/databases/arrayexpress/data/experiment/PRJEB24930
eva,PRJEB32049,https://www.ebi.ac.uk/eva/?eva-study=PRJEB32049,https://www.omicsdi.org/dataset/eva/PRJEB32049,https://www.omicsdi.org/ws/dataset/eva/PRJEB32049.json,/ebi/ftp/pub/databases/arrayexpress/data/experiment/PRJEB32049
eva,PRJEB22799,https://www.ebi.ac.uk/eva/?eva-study=PRJEB22799,https://www.omicsdi.org/dataset/eva/PRJEB22799,https://www.omicsdi.org/ws/dataset/eva/PRJEB22799.json,/ebi/ftp/pub/databases/arrayexpress/data/experiment/PRJEB22799
eva,PRJEB11746,https://www.ebi.ac.uk/eva/?eva-study=PRJEB11746,https://www.omicsdi.org/dataset/eva/PRJEB11746,https://www.omicsdi.org/ws/dataset/eva/PRJEB11746.json,/ebi/ftp/pub/databases/arrayexpress/data/experiment/PRJEB11746
eva,PRJEB7923,https://www.ebi.ac.uk/eva/?eva-study=PRJEB7923,https://www.omicsdi.org/dataset/eva/PRJEB7923,https://www.omicsdi.org/ws/dataset/eva/PRJEB7923.json,/ebi/ftp/pub/databases/arrayexpress/data/experiment/PRJEB7923
eva,PRJEB23068,https://www.ebi.ac.uk/eva/?eva-study=PRJEB23068,https://www.omicsdi.org/dataset/eva/PRJEB23068,https://www.omicsdi.org/ws/dataset/eva/PRJEB23068.json,/ebi/ftp/pub/databases/arrayexpress/data/experiment/PRJEB23068
eva,PRJEB25439,https://www.ebi.ac.uk/eva/?eva-study=PRJEB25439,https://www.omicsdi.org/dataset/eva/PRJEB25439,https://www.omicsdi.org/ws/dataset/eva/PRJEB25439.json,/ebi/ftp/pub/databases/arrayexpress/data/experiment/PRJEB25439
eva,PRJEB13082,https://www.ebi.ac.uk/eva/?eva-study=PRJEB13082,https://www.omicsdi.org/dataset/eva/PRJEB13082,https://www.omicsdi.org/ws/dataset/eva/PRJEB13082.json,/ebi/ftp/pub/databases/arrayexpress/data/experiment/PRJEB13082
eva,PRJEB9799,https://www.ebi.ac.uk/eva/?eva-study=PRJEB9799,https://www.omicsdi.org/dataset/eva/PRJEB9799,https://www.omicsdi.org/ws/dataset/eva/PRJEB9799.json,/ebi/ftp/pub/databases/arrayexpress/data/experiment/PRJEB9799
eva,PRJEB13086,https://www.ebi.ac.uk/eva/?eva-study=PRJEB13086,https://www.omicsdi.org/dataset/eva/PRJEB13086,https://www.omicsdi.org/ws/dataset/eva/PRJEB13086.json,/ebi/ftp/pub/databases/arrayexpress/data/experiment/PRJEB13086
eva,PRJEB29080,https://www.ebi.ac.uk/eva/?eva-study=PRJEB29080,https://www.omicsdi.org/dataset/eva/PRJEB29080,https://www.omicsdi.org/ws/dataset/eva/PRJEB29080.json,/ebi/ftp/pub/databases/arrayexpress/data/experiment/PRJEB29080
eva,PRJEB27312,https://www.ebi.ac.uk/eva/?eva-study=PRJEB27312,https://www.omicsdi.org/dataset/eva/PRJEB27312,https://www.omicsdi.org/ws/dataset/eva/PRJEB27312.json,/ebi/ftp/pub/databases/arrayexpress/data/experiment/PRJEB27312
eva,PRJEB18671,https://www.ebi.ac.uk/eva/?eva-study=PRJEB18671,https://www.omicsdi.org/dataset/eva/PRJEB18671,https://www.omicsdi.org/ws/dataset/eva/PRJEB18671.json,/ebi/ftp/pub/databases/arrayexpress/data/experiment/PRJEB18671
eva,PRJEB25004,https://www.ebi.ac.uk/eva/?eva-study=PRJEB25004,https://www.omicsdi.org/dataset/eva/PRJEB25004,https://www.omicsdi.org/ws/dataset/eva/PRJEB25004.json,/ebi/ftp/pub/databases/arrayexpress/data/experiment/PRJEB25004
eva,PRJEB15642,https://www.ebi.ac.uk/eva/?eva-study=PRJEB15642,https://www.omicsdi.org/dataset/eva/PRJEB15642,https://www.omicsdi.org/ws/dataset/eva/PRJEB15642.json,/ebi/ftp/pub/databases/arrayexpress/data/experiment/PRJEB15642
eva,PRJEB4163,https://www.ebi.ac.uk/eva/?eva-study=PRJEB4163,https://www.omicsdi.org/dataset/eva/PRJEB4163,https://www.omicsdi.org/ws/dataset/eva/PRJEB4163.json,/ebi/ftp/pub/databases/arrayexpress/data/experiment/PRJEB4163
eva,PRJEB15197,https://www.ebi.ac.uk/eva/?eva-study=PRJEB15197,https://www.omicsdi.org/dataset/eva/PRJEB15197,https://www.omicsdi.org/ws/dataset/eva/PRJEB15197.json,/ebi/ftp/pub/databases/arrayexpress/data/experiment/PRJEB15197
eva,PRJEB11750,https://www.ebi.ac.uk/eva/?eva-study=PRJEB11750,https://www.omicsdi.org/dataset/eva/PRJEB11750,https://www.omicsdi.org/ws/dataset/eva/PRJEB11750.json,/ebi/ftp/pub/databases/arrayexpress/data/experiment/PRJEB11750
eva,PRJEB14018,https://www.ebi.ac.uk/eva/?eva-study=PRJEB14018,https://www.omicsdi.org/dataset/eva/PRJEB14018,https://www.omicsdi.org/ws/dataset/eva/PRJEB14018.json,/ebi/ftp/pub/databases/arrayexpress/data/experiment/PRJEB14018
eva,PRJEB6911,https://www.ebi.ac.uk/eva/?eva-study=PRJEB6911,https://www.omicsdi.org/dataset/eva/PRJEB6911,https://www.omicsdi.org/ws/dataset/eva/PRJEB6911.json,/ebi/ftp/pub/databases/arrayexpress/data/experiment/PRJEB6911
eva,PRJEB6042,https://www.ebi.ac.uk/eva/?eva-study=PRJEB6042,https://www.omicsdi.org/dataset/eva/PRJEB6042,https://www.omicsdi.org/ws/dataset/eva/PRJEB6042.json,/ebi/ftp/pub/databases/arrayexpress/data/experiment/PRJEB6042
eva,PRJEB9822,https://www.ebi.ac.uk/eva/?eva-study=PRJEB9822,https://www.omicsdi.org/dataset/eva/PRJEB9822,https://www.omicsdi.org/ws/dataset/eva/PRJEB9822.json,/ebi/ftp/pub/databases/arrayexpress/data/experiment/PRJEB9822
eva,PRJEB6041,https://www.ebi.ac.uk/eva/?eva-study=PRJEB6041,https://www.omicsdi.org/dataset/eva/PRJEB6041,https://www.omicsdi.org/ws/dataset/eva/PRJEB6041.json,/ebi/ftp/pub/databases/arrayexpress/data/experiment/PRJEB6041
eva,PRJEB8650,https://www.ebi.ac.uk/eva/?eva-study=PRJEB8650,https://www.omicsdi.org/dataset/eva/PRJEB8650,https://www.omicsdi.org/ws/dataset/eva/PRJEB8650.json,/ebi/ftp/pub/databases/arrayexpress/data/experiment/PRJEB8650
eva,PRJEB22261,https://www.ebi.ac.uk/eva/?eva-study=PRJEB22261,https://www.omicsdi.org/dataset/eva/PRJEB22261,https://www.omicsdi.org/ws/dataset/eva/PRJEB22261.json,/ebi/ftp/pub/databases/arrayexpress/data/experiment/PRJEB22261
eva,PRJEB24066,https://www.ebi.ac.uk/eva/?eva-study=PRJEB24066,https://www.omicsdi.org/dataset/eva/PRJEB24066,https://www.omicsdi.org/ws/dataset/eva/PRJEB24066.json,/ebi/ftp/pub/databases/arrayexpress/data/experiment/PRJEB24066
eva,PRJEB7894,https://www.ebi.ac.uk/eva/?eva-study=PRJEB7894,https://www.omicsdi.org/dataset/eva/PRJEB7894,https://www.omicsdi.org/ws/dataset/eva/PRJEB7894.json,/ebi/ftp/pub/databases/arrayexpress/data/experiment/PRJEB7894
eva,PRJEB23791,https://www.ebi.ac.uk/eva/?eva-study=PRJEB23791,https://www.omicsdi.org/dataset/eva/PRJEB23791,https://www.omicsdi.org/ws/dataset/eva/PRJEB23791.json,/ebi/ftp/pub/databases/arrayexpress/data/experiment/PRJEB23791
eva,PRJEB14685,https://www.ebi.ac.uk/eva/?eva-study=PRJEB14685,https://www.omicsdi.org/dataset/eva/PRJEB14685,https://www.omicsdi.org/ws/dataset/eva/PRJEB14685.json,/ebi/ftp/pub/databases/arrayexpress/data/experiment/PRJEB14685
eva,PRJEB23441,https://www.ebi.ac.uk/eva/?eva-study=PRJEB23441,https://www.omicsdi.org/dataset/eva/PRJEB23441,https://www.omicsdi.org/ws/dataset/eva/PRJEB23441.json,/ebi/ftp/pub/databases/arrayexpress/data/experiment/PRJEB23441
eva,PRJEB22989,https://www.ebi.ac.uk/eva/?eva-study=PRJEB22989,https://www.omicsdi.org/dataset/eva/PRJEB22989,https://www.omicsdi.org/ws/dataset/eva/PRJEB22989.json,/ebi/ftp/pub/databases/arrayexpress/data/experiment/PRJEB22989
eva,PRJEB29384,https://www.ebi.ac.uk/eva/?eva-study=PRJEB29384,https://www.omicsdi.org/dataset/eva/PRJEB29384,https://www.omicsdi.org/ws/dataset/eva/PRJEB29384.json,/ebi/ftp/pub/databases/arrayexpress/data/experiment/PRJEB29384
eva,PRJEB31182,https://www.ebi.ac.uk/eva/?eva-study=PRJEB31182,https://www.omicsdi.org/dataset/eva/PRJEB31182,https://www.omicsdi.org/ws/dataset/eva/PRJEB31182.json,/ebi/ftp/pub/databases/arrayexpress/data/experiment/PRJEB31182
eva,PRJEB28956,https://www.ebi.ac.uk/eva/?eva-study=PRJEB28956,https://www.omicsdi.org/dataset/eva/PRJEB28956,https://www.omicsdi.org/ws/dataset/eva/PRJEB28956.json,/ebi/ftp/pub/databases/arrayexpress/data/experiment/PRJEB28956
eva,PRJEB8661,https://www.ebi.ac.uk/eva/?eva-study=PRJEB8661,https://www.omicsdi.org/dataset/eva/PRJEB8661,https://www.omicsdi.org/ws/dataset/eva/PRJEB8661.json,/ebi/ftp/pub/databases/arrayexpress/data/experiment/PRJEB8661
eva,PRJEB12769,https://www.ebi.ac.uk/eva/?eva-study=PRJEB12769,https://www.omicsdi.org/dataset/eva/PRJEB12769,https://www.omicsdi.org/ws/dataset/eva/PRJEB12769.json,/ebi/ftp/pub/databases/arrayexpress/data/experiment/PRJEB12769
eva,PRJEB22189,https://www.ebi.ac.uk/eva/?eva-study=PRJEB22189,https://www.omicsdi.org/dataset/eva/PRJEB22189,https://www.omicsdi.org/ws/dataset/eva/PRJEB22189.json,/ebi/ftp/pub/databases/arrayexpress/data/experiment/PRJEB22189
eva,PRJEB24995,https://www.ebi.ac.uk/eva/?eva-study=PRJEB24995,https://www.omicsdi.org/dataset/eva/PRJEB24995,https://www.omicsdi.org/ws/dataset/eva/PRJEB24995.json,/ebi/ftp/pub/databases/arrayexpress/data/experiment/PRJEB24995
eva,PRJEB23828,https://www.ebi.ac.uk/eva/?eva-study=PRJEB23828,https://www.omicsdi.org/dataset/eva/PRJEB23828,https://www.omicsdi.org/ws/dataset/eva/PRJEB23828.json,/ebi/ftp/pub/databases/arrayexpress/data/experiment/PRJEB23828
eva,PRJEB14879,https://www.ebi.ac.uk/eva/?eva-study=PRJEB14879,https://www.omicsdi.org/dataset/eva/PRJEB14879,https://www.omicsdi.org/ws/dataset/eva/PRJEB14879.json,/ebi/ftp/pub/databases/arrayexpress/data/experiment/PRJEB14879
eva,PRJEB23301,https://www.ebi.ac.uk/eva/?eva-study=PRJEB23301,https://www.omicsdi.org/dataset/eva/PRJEB23301,https://www.omicsdi.org/ws/dataset/eva/PRJEB23301.json,/ebi/ftp/pub/databases/arrayexpress/data/experiment/PRJEB23301
eva,PRJEB13088,https://www.ebi.ac.uk/eva/?eva-study=PRJEB13088,https://www.omicsdi.org/dataset/eva/PRJEB13088,https://www.omicsdi.org/ws/dataset/eva/PRJEB13088.json,/ebi/ftp/pub/databases/arrayexpress/data/experiment/PRJEB13088
eva,PRJEB23844,https://www.ebi.ac.uk/eva/?eva-study=PRJEB23844,https://www.omicsdi.org/dataset/eva/PRJEB23844,https://www.omicsdi.org/ws/dataset/eva/PRJEB23844.json,/ebi/ftp/pub/databases/arrayexpress/data/experiment/PRJEB23844
eva,PRJEB13080,https://www.ebi.ac.uk/eva/?eva-study=PRJEB13080,https://www.omicsdi.org/dataset/eva/PRJEB13080,https://www.omicsdi.org/ws/dataset/eva/PRJEB13080.json,/ebi/ftp/pub/databases/arrayexpress/data/experiment/PRJEB13080
eva,PRJEB20817,https://www.ebi.ac.uk/eva/?eva-study=PRJEB20817,https://www.omicsdi.org/dataset/eva/PRJEB20817,https://www.omicsdi.org/ws/dataset/eva/PRJEB20817.json,/ebi/ftp/pub/databases/arrayexpress/data/experiment/PRJEB20817
eva,PRJEB13081,https://www.ebi.ac.uk/eva/?eva-study=PRJEB13081,https://www.omicsdi.org/dataset/eva/PRJEB13081,https://www.omicsdi.org/ws/dataset/eva/PRJEB13081.json,/ebi/ftp/pub/databases/arrayexpress/data/experiment/PRJEB13081
eva,PRJEB24964,https://www.ebi.ac.uk/eva/?eva-study=PRJEB24964,https://www.omicsdi.org/dataset/eva/PRJEB24964,https://www.omicsdi.org/ws/dataset/eva/PRJEB24964.json,/ebi/ftp/pub/databases/arrayexpress/data/experiment/PRJEB24964
eva,PRJEB29597,https://www.ebi.ac.uk/eva/?eva-study=PRJEB29597,https://www.omicsdi.org/dataset/eva/PRJEB29597,https://www.omicsdi.org/ws/dataset/eva/PRJEB29597.json,/ebi/ftp/pub/databases/arrayexpress/data/experiment/PRJEB29597
eva,PRJEB26285,https://www.ebi.ac.uk/eva/?eva-study=PRJEB26285,https://www.omicsdi.org/dataset/eva/PRJEB26285,https://www.omicsdi.org/ws/dataset/eva/PRJEB26285.json,/ebi/ftp/pub/databases/arrayexpress/data/experiment/PRJEB26285
eva,PRJEB27771,https://www.ebi.ac.uk/eva/?eva-study=PRJEB27771,https://www.omicsdi.org/dataset/eva/PRJEB27771,https://www.omicsdi.org/ws/dataset/eva/PRJEB27771.json,/ebi/ftp/pub/databases/arrayexpress/data/experiment/PRJEB27771
eva,PRJEB28591,https://www.ebi.ac.uk/eva/?eva-study=PRJEB28591,https://www.omicsdi.org/dataset/eva/PRJEB28591,https://www.omicsdi.org/ws/dataset/eva/PRJEB28591.json,/ebi/ftp/pub/databases/arrayexpress/data/experiment/PRJEB28591
